{"errors":{"read":0,"write":0,"connect":0,"timeout":0,"status":0},"latency":{"max":20829,"mean":326.45842738213,"stdev":640.43662243284,"percentiles":{"90%":543,"95%":627,"97%":697,"98%":766,"99%":938,"99.999%":19125,"50%":265},"min":26},"requests":2162854,"duration":30098992,"bytes":441222216}