{"bytes":456028509,"errors":{"connect":0,"timeout":0,"read":0,"write":0,"status":0},"latency":{"mean":306.39662179664,"stdev":589.88769146658,"percentiles":{"50%":253,"90%":518,"95%":595,"97%":658,"98%":727,"99%":879,"99.999%":19813},"min":25,"max":21140},"requests":2227023,"duration":30094858}