{"duration":30099835,"bytes":492786684,"errors":{"timeout":0,"read":0,"write":0,"connect":0,"status":0},"latency":{"percentiles":{"97%":607,"98%":662,"99%":800,"99.999%":18382,"50%":240,"90%":485,"95%":555},"min":23,"max":19633,"mean":284.73601828391,"stdev":526.82987278998},"requests":2415621}