{"latency":{"stdev":182.36883996066,"percentiles":{"97%":47,"98%":54,"99%":88,"99.999%":7840,"50%":34,"90%":40,"95%":43},"min":25,"max":8127,"mean":43.841056365899},"requests":828607,"duration":30099804,"bytes":169035828,"errors":{"connect":0,"timeout":0,"read":0,"write":0,"status":0}}