{"duration":30099266,"bytes":151487567,"errors":{"read":0,"write":0,"status":0,"connect":0,"timeout":0},"latency":{"percentiles":{"99%":65,"99.999%":6614,"50%":35,"90%":41,"95%":45,"97%":51,"98%":56},"min":27,"max":6894,"mean":40.491112021436,"stdev":109.29729372182},"requests":739792}