{"duration":30000502,"bytes":150665628,"errors":{"connect":0,"read":0,"write":0,"status":0,"timeout":0},"latency":{"percentiles":{"95%":64,"97%":86,"98%":100,"99%":146,"99.999%":11842,"50%":36,"90%":49},"mean":49.991143768682,"min":26,"stdev":213.03301273793,"max":12122},"requests":738557}