{"duration":30099921,"bytes":425027880,"errors":{"write":0,"timeout":0,"connect":0,"status":0,"read":0},"latency":{"percentiles":{"99.999%":20045,"50%":274,"90%":567,"95%":664,"97%":752,"98%":845,"99%":1294},"min":27,"max":20538,"mean":352.59871322506,"stdev":763.26339672013},"requests":2083470}