{"latency":{"stdev":723.04711732397,"percentiles":{"95%":590,"97%":651,"98%":721,"99%":967,"99.999%":19614,"50%":251,"90%":513},"min":26,"max":20204,"mean":319.5191641925},"requests":2292894,"duration":30099889,"bytes":467750376,"errors":{"connect":0,"read":0,"write":0,"status":0,"timeout":0}}