{"duration":30099738,"bytes":158437824,"errors":{"timeout":0,"read":0,"write":0,"connect":0,"status":0},"latency":{"percentiles":{"95%":50,"97%":58,"98%":71,"99%":96,"99.999%":8432,"50%":35,"90%":45},"min":26,"max":8698,"mean":43.041377548956,"stdev":137.065477741},"requests":776656}