{"requests":1534019,"duration":30098414,"bytes":312939876,"errors":{"connect":0,"timeout":0,"read":0,"write":0,"status":0},"latency":{"percentiles":{"90%":736,"95%":861,"97%":959,"98%":1050,"99%":1528,"99.999%":19010,"50%":368},"max":20026,"min":44,"mean":440.54672025996,"stdev":637.3515832817}}