{"errors":{"timeout":0,"connect":0,"write":0,"status":0,"read":0},"latency":{"min":297,"max":45607,"stdev":2380.6041496531,"percentiles":{"50%":3657,"90%":7184,"95%":8299,"97%":8886,"98%":9231,"99%":9682,"99.999%":45273},"mean":3831.8443256598},"requests":160835,"duration":30084747,"bytes":32922822}