{
  "duration": 30099809,
  "bytes": 298303719,
  "errors": {
    "connect": 0,
    "read": 0,
    "write": 0,
    "status": 0,
    "timeout": 0
  },
  "latency": {
    "percentiles": {
      "50%": 382,
      "90%": 760,
      "95%": 885,
      "97%": 969,
      "98%": 1032,
      "99%": 1163,
      "99.999%": 44225
    },
    "min": 47,
    "max": 47165,
    "stdev": 557.96009602099,
    "mean": 434.94574801954
  },
  "requests": 1457261
}