{"errors":{"connect":0,"read":0,"write":0,"status":0,"timeout":0},"latency":{"mean":481.97379772615,"stdev":608.28498761941,"max":21063,"percentiles":{"50%":426,"90%":839,"95%":963,"97%":1048,"98%":1120,"99%":1285,"99.999%":20225},"min":51},"requests":1355292,"duration":30099426,"bytes":276479568}