{"requests":398928,"duration":30000573,"bytes":81381312,"errors":{"connect":0,"status":0,"read":0,"write":0,"timeout":0},"latency":{"percentiles":{"95%":102,"97%":123,"98%":143,"99%":220,"99.999%":19969,"90%":87,"50%":69},"min":59,"max":20269,"mean":92.138137376771,"stdev":364.5862708121}}