{"duration":30099238,"bytes":268271832,"errors":{"read":0,"write":0,"connect":0,"status":0,"timeout":0},"latency":{"percentiles":{"50%":437,"90%":865,"95%":999,"97%":1093,"98%":1177,"99%":1408,"99.999%":18803},"min":51,"max":19463,"mean":507.98637629868,"stdev":686.73613915436},"requests":1315058}