{"duration":30100065,"bytes":82417224,"errors":{"read":0,"write":0,"status":0,"timeout":0,"connect":0},"latency":{"percentiles":{"95%":110,"97%":127,"98%":132,"99%":143,"99.999%":2584,"50%":69,"90%":84},"min":60,"max":2640,"mean":74.533763755627,"stdev":45.096518675424},"requests":404006}