{"latency":{"min":318,"max":6888,"percentiles":{"99%":1404,"99.999%":6888,"50%":437,"90%":624,"95%":757,"97%":902,"98%":1051},"stdev":216.91854326965,"mean":485.66007443177},"requests":63327,"duration":30001313,"bytes":12918708,"errors":{"write":0,"connect":0,"timeout":0,"status":0,"read":0}}