{"latency":{"stdev":2011.3033013468,"min":314,"max":38369,"percentiles":{"50%":3081,"90%":6000,"95%":6989,"97%":7421,"98%":7723,"99%":8109,"99.999%":37758},"mean":3213.8621058639},"requests":192304,"duration":30003288,"bytes":39230016,"errors":{"connect":0,"read":0,"write":0,"status":0,"timeout":0}}