{"errors":{"status":0,"connect":0,"timeout":0,"read":0,"write":0},"latency":{"max":17221,"mean":490.43511365839,"stdev":481.73312972896,"percentiles":{"90%":566,"95%":916,"97%":1377,"98%":1751,"99%":2405,"99.999%":17221,"50%":393},"min":308},"requests":68450,"duration":30007019,"bytes":13963800}