{"errors":{"status":0,"connect":0,"timeout":0,"read":0,"write":0},"latency":{"max":4325,"mean":410.47267881525,"stdev":170.35178864239,"percentiles":{"99.999%":4325,"50%":381,"90%":475,"95%":515,"97%":577,"98%":724,"99%":1181},"min":310},"requests":74845,"duration":30001966,"bytes":15268380}