{"requests":158948,"duration":30020681,"bytes":32425392,"errors":{"connect":0,"read":0,"write":0,"status":0,"timeout":0},"latency":{"percentiles":{"90%":7723,"95%":9465,"97%":11124,"98%":12427,"99%":14737,"99.999%":34038,"50%":3572},"max":34788,"min":316,"mean":4076.9317644814,"stdev":3017.0207642891}}