{"duration":30088787,"bytes":33497030,"requests":163640,"latency":{"min":257,"max":14616,"mean":3760.5366971964,"stdev":2305.0329406946,"percentiles":{"99.999%":14528,"50%":3581,"90%":7072,"95%":8168,"97%":8693,"98%":9083,"99%":9496}},"errors":{"status":0,"timeout":0,"connect":0,"read":0,"write":0}}