{"latency":{"stdev":2295.2966001179,"percentiles":{"99.999%":18167,"50%":3540,"90%":7023,"95%":8120,"97%":8643,"98%":9005,"99%":9442},"max":18705,"min":229,"mean":3736.5504020614},"requests":164757,"duration":30088832,"bytes":33725692,"errors":{"status":0,"connect":0,"timeout":0,"read":0,"write":0}}