{"requests":164883,"duration":30088585,"bytes":33751493,"errors":{"read":0,"connect":0,"status":0,"write":0,"timeout":0},"latency":{"percentiles":{"50%":3534,"90%":7001,"95%":8092,"97%":8618,"98%":8953,"99%":9388,"99.999%":11856},"min":261,"max":12043,"mean":3729.4575912332,"stdev":2278.0055972338}}