{"latency":{"max":13962,"percentiles":{"99.999%":13086,"50%":267,"90%":554,"95%":646,"97%":749,"98%":886,"99%":1545},"min":28,"stdev":501.90766110545,"mean":328.66357096766},"requests":2098189,"duration":30099852,"bytes":429502313,"errors":{"status":0,"connect":0,"timeout":0,"read":0,"write":0}}