{"requests":2063784,"duration":30087168,"bytes":422459760,"errors":{"connect":0,"timeout":0,"read":0,"write":0,"status":0},"latency":{"percentiles":{"97%":802,"98%":1050,"99%":2817,"99.999%":11435,"50%":273,"90%":567,"95%":664},"max":12165,"min":27,"mean":350.30408936938,"stdev":572.8730504743}}