{"bytes":460671403,"errors":{"status":0,"read":0,"write":0,"timeout":0,"connect":0},"latency":{"mean":283.28419736263,"stdev":301.85046989236,"max":10766,"min":27,"percentiles":{"99.999%":9590,"50%":253,"90%":509,"95%":585,"97%":637,"98%":692,"99%":863}},"requests":2250457,"duration":30099559}