{"duration":30086354,"bytes":33468587,"errors":{"connect":0,"status":0,"timeout":0,"write":0,"read":0},"latency":{"percentiles":{"50%":3572,"90%":7055,"95%":8162,"97%":8682,"98%":9031,"99%":9464,"99.999%":11692},"min":250,"max":11881,"stdev":2293.6972550053,"mean":3760.559053574},"requests":163501}