{"duration":30086765,"bytes":404771507,"errors":{"read":0,"write":0,"status":0,"connect":0,"timeout":0},"latency":{"percentiles":{"99%":4146,"99.999%":11591,"50%":280,"90%":605,"95%":773,"97%":1159,"98%":2155},"min":28,"max":12235,"mean":396.59662232086,"stdev":707.14062561995},"requests":1977373}