{"latency":{"max":11660,"stdev":2268.4995206595,"percentiles":{"99%":9376,"99.999%":11642,"50%":3559,"90%":6981,"95%":8082,"97%":8606,"98%":8921},"mean":3736.9116850401,"min":246},"requests":164690,"duration":30099835,"bytes":33711979,"errors":{"timeout":0,"connect":0,"write":0,"status":0,"read":0}}