{"latency":{"max":12633,"stdev":909.55807545699,"percentiles":{"95%":1182,"97%":2563,"98%":3749,"99%":5576,"99.999%":11676,"50%":288,"90%":676},"mean":476.70526407786,"min":27},"requests":1884912,"duration":30099967,"bytes":385844507,"errors":{"read":0,"write":0,"status":0,"timeout":0,"connect":0}}