{"requests":164298,"duration":30088790,"bytes":33631722,"errors":{"status":0,"connect":0,"timeout":0,"read":0,"write":0},"latency":{"max":11964,"percentiles":{"99.999%":11742,"50%":3549,"90%":6985,"95%":8091,"97%":8621,"98%":8930,"99%":9398},"min":261,"mean":3739.5773557268,"stdev":2268.3253770589}}