{"errors":{"timeout":0,"read":0,"connect":0,"status":0,"write":0},"latency":{"min":28,"max":11303,"stdev":375.08565492054,"percentiles":{"99%":997,"99.999%":10692,"50%":263,"90%":537,"95%":619,"97%":679,"98%":760},"mean":304.78981903369},"requests":2152710,"duration":30100078,"bytes":440662693}