{"errors":{"read":0,"write":0,"status":0,"connect":0,"timeout":0},"latency":{"min":251,"max":24094,"stdev":2524.0743255548,"percentiles":{"97%":9333,"98%":9732,"99%":10481,"99.999%":24058,"50%":3791,"90%":7572,"95%":8707},"mean":3989.6032427305},"requests":155306,"duration":30085655,"bytes":31791105}