{"duration":30088460,"bytes":31008357,"errors":{"connect":0,"read":0,"write":0,"status":0,"timeout":0},"latency":{"percentiles":{"50%":3891,"90%":7703,"95%":8880,"97%":9467,"98%":9945,"99%":10744,"99.999%":16616},"min":261,"max":17458,"stdev":2546.3535499768,"mean":4081.7966922608},"requests":151482}