{"bytes":311503264,"errors":{"write":0,"read":0,"connect":0,"status":0,"timeout":0},"latency":{"min":35,"mean":418.26387636863,"stdev":390.68876607142,"max":12093,"percentiles":{"50%":374,"90%":761,"95%":880,"97%":980,"98%":1080,"99%":1293,"99.999%":11040}},"requests":1521742,"duration":30099687}