{"duration":30099659,"bytes":297786033,"errors":{"status":0,"read":0,"write":0,"timeout":0,"connect":0},"latency":{"percentiles":{"90%":791,"95%":908,"97%":978,"98%":1046,"99%":1261,"99.999%":10364,"50%":398},"min":40,"mean":432.23743140577,"stdev":366.88473569346,"max":11476},"requests":1454732}