{"latency":{"mean":3804.457238411,"stdev":2312.3465068944,"min":256,"max":13423,"percentiles":{"99%":9566,"99.999%":13308,"50%":3608,"90%":7119,"95%":8249,"97%":8792,"98%":9092}},"requests":161548,"duration":30085163,"bytes":33068788,"errors":{"read":0,"write":0,"status":0,"timeout":0,"connect":0}}