{"latency":{"max":83584,"stdev":10241.053256156,"mean":5873.0470376301,"min":334,"percentiles":{"99%":59743,"97%":31775,"90%":12951,"99.999%":83647,"98%":38175,"95%":22815,"50%":1613}},"errors":{"write":0,"read":0,"status":0,"timeout":0,"connect":0},"duration":29998229,"requests":59977,"bytes":12235308}