{"latency":{"max":89280,"stdev":16377.891092162,"mean":18532.085984158,"min":310,"percentiles":{"99%":70015,"97%":56063,"90%":41567,"99.999%":89343,"98%":60735,"95%":49023,"50%":14487}},"errors":{"write":0,"read":0,"status":0,"timeout":0,"connect":0},"duration":30000087,"requests":59997,"bytes":12239388}