{"latency":{"max":29520,"stdev":2653.2437155991,"mean":2789.910038852,"min":354,"percentiles":{"99%":13647,"97%":10151,"90%":6087,"99.999%":29535,"98%":11551,"95%":8383,"50%":1850}},"errors":{"write":0,"read":0,"status":0,"timeout":0,"connect":0},"duration":30000204,"requests":59958,"bytes":12231432}