{"bytes":455344460,"errors":{"timeout":0,"read":0,"write":0,"status":0,"connect":0},"latency":{"mean":289.87686481439,"stdev":327.6414064775,"max":11063,"min":27,"percentiles":{"99%":930,"99.999%":10253,"50%":254,"90%":516,"95%":597,"97%":661,"98%":736}},"requests":2224434,"duration":30087212}