{"bytes":95568492,"errors":{"timeout":0,"read":0,"write":0,"connect":0,"status":0},"latency":{"mean":71.488890850028,"stdev":159.32646416985,"max":7360,"min":50,"percentiles":{"99%":156,"99.999%":7104,"50%":59,"90%":75,"95%":90,"97%":106,"98%":120}},"requests":468473,"duration":30100053}