{"latency":{"max":2356,"stdev":406.29933221026,"mean":979.88347669534,"min":65,"percentiles":{"99%":2025,"97%":1830,"90%":1468,"99.999%":2357,"98%":1912,"95%":1687,"50%":983}},"errors":{"write":0,"read":0,"status":0,"timeout":0,"connect":0},"duration":4999839,"requests":9999,"bytes":2039796}