{"latency":{"max":3410,"stdev":451.54656185356,"mean":1168.4740963855,"min":194,"percentiles":{"99%":2265,"97%":2111,"90%":1805,"99.999%":3411,"98%":2175,"95%":1996,"50%":1075}},"errors":{"write":0,"read":0,"status":0,"timeout":0,"connect":0},"duration":5001426,"requests":9963,"bytes":2032452}