{"latency":{"max":19808,"stdev":2435.5673183983,"mean":2499.1664658635,"min":370,"percentiles":{"99%":12727,"97%":9615,"90%":5587,"99.999%":19823,"98%":10703,"95%":8051,"50%":1664}},"errors":{"write":0,"read":0,"status":0,"timeout":0,"connect":0},"duration":5001199,"requests":9962,"bytes":2032248}