{"latency":{"max":33152,"stdev":5386.0855318421,"mean":5660.8154154154,"min":314,"percentiles":{"99%":28767,"97%":21039,"90%":9255,"99.999%":33183,"98%":24143,"95%":15959,"50%":4975}},"errors":{"write":0,"read":0,"status":0,"timeout":0,"connect":0},"duration":4998609,"requests":9991,"bytes":2038164}