{"errors":{"connect":0,"timeout":0,"read":0,"write":0,"status":0},"latency":{"max":34790,"mean":3650.8956885744,"stdev":2356.3885298565,"percentiles":{"90%":6859,"95%":7920,"97%":8668,"98%":9342,"99%":10535,"99.999%":34321,"50%":3408},"min":311},"requests":171007,"duration":30001933,"bytes":34885428}