{"bytes":14449116,"errors":{"timeout":0,"read":0,"connect":0,"status":0,"write":0},"latency":{"min":297,"max":9466,"mean":431.0502518125,"stdev":184.08984434757,"percentiles":{"98%":848,"99%":1077,"99.999%":9466,"50%":395,"90%":541,"95%":647,"97%":747}},"requests":70829,"duration":30001188}