{"errors":{"timeout":0,"connect":0,"read":0,"write":0,"status":0},"latency":{"mean":3526.5115330412,"stdev":2267.4874511829,"max":21851,"percentiles":{"99%":10087,"99.999%":21471,"50%":3299,"90%":6668,"95%":7694,"97%":8354,"98%":8968},"min":300},"requests":176831,"duration":30001027,"bytes":36073524}