{"duration":30099462,"bytes":459399249,"errors":{"connect":0,"read":0,"write":0,"status":0,"timeout":0},"latency":{"percentiles":{"50%":252,"90%":510,"95%":588,"97%":646,"98%":711,"99%":911,"99.999%":10241},"min":27,"max":11154,"mean":285.86498080757,"stdev":309.44941665306},"requests":2244242}