{"bytes":33257746,"errors":{"read":0,"write":0,"connect":0,"timeout":0,"status":0},"latency":{"min":280,"mean":3783.5489104663,"stdev":2302.7019745443,"max":16478,"percentiles":{"50%":3612,"90%":7083,"95%":8195,"97%":8728,"98%":9073,"99%":9534,"99.999%":15321}},"requests":162471,"duration":30086146}