{"errors":{"timeout":0,"connect":0,"read":0,"write":0,"status":0},"latency":{"max":20372,"mean":335.71494958966,"stdev":513.02685237298,"percentiles":{"98%":775,"99%":890,"99.999%":18831,"50%":297,"90%":587,"95%":673,"97%":726},"min":30},"requests":1971377,"duration":30099681,"bytes":402160908}