{"bytes":436256652,"errors":{"write":0,"status":0,"connect":0,"timeout":0,"read":0},"latency":{"min":26,"max":20949,"mean":324.39346004566,"stdev":595.07699801954,"percentiles":{"50%":270,"90%":550,"95%":635,"97%":707,"98%":781,"99%":951,"99.999%":20000}},"requests":2138513,"duration":30100966}