{"bytes":16893240,"errors":{"read":0,"write":0,"status":0,"connect":0,"timeout":0},"latency":{"min":310,"mean":363.70393439469,"stdev":65.300002725571,"max":3416,"percentiles":{"99%":557,"99.999%":3416,"50%":356,"90%":377,"95%":396,"97%":417,"98%":448}},"requests":82810,"duration":30099861}