{"latency":{"min":314,"max":13629,"percentiles":{"99.999%":13126,"50%":3157,"90%":5884,"95%":7000,"97%":7501,"98%":7721,"99%":8145},"mean":3284.4864070974,"stdev":1916.3080180072},"requests":186565,"duration":30002356,"bytes":38059260,"errors":{"status":0,"connect":0,"timeout":0,"read":0,"write":0}}