{"latency":{"max":2550,"stdev":439.0635133767,"mean":1255.9696969697,"min":376,"percentiles":{"99%":2347,"97%":2139,"90%":1863,"99.999%":2551,"98%":2207,"95%":2042,"50%":1257}},"errors":{"write":0,"read":0,"status":0,"timeout":0,"connect":0},"duration":30000628,"requests":3002,"bytes":612408}