{"latency":{"max":7508,"stdev":506.73635106934,"mean":1155.6746960772,"min":78,"percentiles":{"99%":2297,"97%":2123,"90%":1861,"99.999%":7511,"98%":2191,"95%":2029,"50%":1095}},"errors":{"write":0,"read":0,"status":0,"timeout":0,"connect":0},"duration":29999471,"requests":59957,"bytes":12231228}