{"latency":{"max":5532,"stdev":465.74629247806,"mean":1209.3994235589,"min":103,"percentiles":{"99%":2311,"97%":2115,"90%":1833,"99.999%":5535,"98%":2193,"95%":2000,"50%":1151}},"errors":{"write":0,"read":0,"status":0,"timeout":0,"connect":0},"duration":30001721,"requests":59963,"bytes":12232452}