{"latency":{"max":3306,"stdev":390.97263034048,"mean":965.58425448907,"min":47,"percentiles":{"99%":2006,"97%":1779,"90%":1423,"99.999%":3307,"98%":1882,"95%":1585,"50%":966}},"errors":{"write":0,"read":0,"status":0,"timeout":0,"connect":0},"duration":29999662,"requests":59997,"bytes":12239388}