{"latency":{"max":2568,"stdev":386.66947369047,"mean":1346.4397198599,"min":253,"percentiles":{"99%":2189,"97%":2034,"90%":1862,"99.999%":2569,"98%":2057,"95%":1971,"50%":1362}},"errors":{"write":0,"read":0,"status":0,"timeout":0,"connect":0},"duration":30001584,"requests":3001,"bytes":612204}