{"latency":{"max":9800,"stdev":560.10588958954,"mean":1045.5820037013,"min":38,"percentiles":{"99%":2213,"97%":1976,"90%":1676,"99.999%":9807,"98%":2051,"95%":1874,"50%":1021}},"errors":{"write":0,"read":0,"status":0,"timeout":0,"connect":0},"duration":29998532,"requests":59996,"bytes":12239184}