{"latency":{"max":34464,"stdev":4793.7718499306,"mean":5045.4414655496,"min":325,"percentiles":{"99%":23231,"97%":17375,"90%":9431,"99.999%":34495,"98%":19471,"95%":13287,"50%":3875}},"errors":{"write":0,"read":0,"status":0,"timeout":0,"connect":0},"duration":29998443,"requests":59977,"bytes":12235308}