{"latency":{"max":6884,"stdev":536.57871635312,"mean":2673.4337168584,"min":753,"percentiles":{"99%":4319,"97%":3645,"90%":3225,"99.999%":6887,"98%":3893,"95%":3485,"50%":2663}},"errors":{"write":0,"read":0,"status":0,"timeout":0,"connect":0},"duration":30003609,"requests":3001,"bytes":612204}