{"latency":{"max":8448,"stdev":1005.2341155966,"mean":3173.7146464646,"min":465,"percentiles":{"99%":5415,"97%":4739,"90%":4399,"99.999%":8455,"98%":4947,"95%":4579,"50%":2989}},"errors":{"write":0,"read":0,"status":0,"timeout":0,"connect":0},"duration":30004593,"requests":3002,"bytes":612408}