{"latency":{"max":23184,"stdev":3332.6325524497,"mean":3052.4812280702,"min":354,"percentiles":{"99%":16087,"97%":12879,"90%":7895,"99.999%":23199,"98%":14391,"95%":11095,"50%":1810}},"errors":{"write":0,"read":0,"status":0,"timeout":0,"connect":0},"duration":30002163,"requests":59963,"bytes":12232452}