{"duration":30004593,"bytes":11717556,"errors":{"status":0,"connect":0,"timeout":0,"read":0,"write":0},"latency":{"max":11645,"percentiles":{"97%":2235,"98%":2634,"99%":3296,"99.999%":11645,"50%":434,"90%":1042,"95%":1727},"mean":616.08975202984,"stdev":563.28822428657,"min":313},"requests":57439}