{"duration":30003605,"bytes":33919692,"errors":{"status":0,"timeout":0,"connect":0,"read":0,"write":0},"latency":{"percentiles":{"50%":3452,"90%":7206,"95%":8545,"97%":10031,"98%":11417,"99%":14080,"99.999%":33971},"mean":3865.446293929,"min":314,"max":34324,"stdev":2799.7432820064},"requests":166273}