{"latency":{"stdev":82.229915998644,"min":173,"max":5828,"percentiles":{"50%":239,"98%":368,"99%":395,"99.999%":5586,"97%":344,"90%":295,"95%":324},"mean":243.39628024008},"requests":124128,"duration":30099998,"bytes":25322112,"errors":{"read":0,"write":0,"status":0,"timeout":0,"connect":0}}