{"duration":30099703,"bytes":68017272,"errors":{"read":0,"write":0,"timeout":0,"connect":0,"status":0},"latency":{"percentiles":{"95%":4008,"97%":4254,"98%":4427,"99%":4665,"99.999%":10167,"50%":1780,"90%":3476},"min":174,"max":11132,"mean":1851.8527772676,"stdev":1139.8814899376},"requests":333418}