{"bytes":14612112,"errors":{"read":0,"write":0,"status":0,"connect":0,"timeout":0},"latency":{"mean":419.29212749403,"stdev":87.048689582311,"min":306,"max":3413,"percentiles":{"50%":398,"90%":499,"95%":581,"97%":629,"98%":669,"99%":742,"99.999%":3413}},"requests":71628,"duration":30099917}