{"duration":30099457,"bytes":30652352,"requests":149691,"latency":{"max":22899,"percentiles":{"99%":10700,"99.999%":22443,"50%":3926,"90%":7739,"95%":8979,"97%":9675,"98%":10079},"mean":4124.7133120809,"stdev":2565.3388739516,"min":256},"errors":{"timeout":0,"status":0,"connect":0,"read":0,"write":0}}