{"latency":{"mean":243.00241174303,"stdev":70.891310269118,"percentiles":{"95%":312,"97%":334,"98%":352,"99%":384,"99.999%":3504,"50%":238,"90%":291},"min":183,"max":3746},"requests":124246,"duration":30099728,"bytes":25346184,"errors":{"write":0,"status":0,"connect":0,"timeout":0,"read":0}}