{"latency":{"stdev":124.80056148727,"percentiles":{"95%":607,"97%":762,"98%":900,"99%":1034,"99.999%":2957,"50%":417,"90%":510},"min":189,"max":2957,"mean":434.69819446034},"duration":30000362,"bytes":13998718,"errors":{"read":0,"write":0,"status":0,"timeout":0,"connect":0},"requests":68363}