{"latency":{"max":40246,"percentiles":{"95%":5210,"97%":5908,"98%":6567,"99%":8384,"99.999%":38047,"50%":2104,"90%":4402},"min":183,"stdev":1773.3177711539,"mean":2351.1907495457},"requests":273779,"duration":30099961,"bytes":55850916,"errors":{"status":0,"connect":0,"timeout":0,"read":0,"write":0}}