{"bytes":36185520,"errors":{"write":0,"connect":0,"timeout":0,"status":0,"read":0},"latency":{"min":310,"max":25153,"mean":3484.7386882213,"stdev":2138.7345677543,"percentiles":{"99.999%":24544,"50%":3372,"90%":6483,"95%":7467,"97%":8045,"98%":8448,"99%":9279}},"requests":177380,"duration":30005943}