{"duration":30099373,"bytes":15117196,"errors":{"status":0,"timeout":0,"connect":0,"read":0,"write":0},"latency":{"max":2858,"percentiles":{"50%":406,"90%":476,"95%":487,"97%":495,"98%":503,"99%":525,"99.999%":2858},"mean":402.21329403972,"stdev":73.58272861661,"min":198},"requests":73825}