{"latency":{"max":167424,"stdev":26634.719204402,"mean":18280.534115537,"min":74,"percentiles":{"99%":135807,"97%":89855,"90%":51807,"99.999%":167551,"98%":101631,"95%":73215,"50%":7699}},"errors":{"write":0,"read":0,"status":0,"timeout":0,"connect":0},"duration":29999220,"requests":59982,"bytes":12236328}