{"latency":{"max":5888,"stdev":485.50470693156,"mean":1518.8057894737,"min":164,"percentiles":{"99%":2771,"97%":2525,"90%":2169,"99.999%":5891,"98%":2629,"95%":2389,"50%":1481}},"errors":{"write":0,"read":0,"status":0,"timeout":0,"connect":0},"duration":30000794,"requests":59963,"bytes":12232452}