{"latency":{"max":21488,"stdev":1903.1992585238,"mean":2157.9977943204,"min":443,"percentiles":{"99%":10839,"97%":7887,"90%":3537,"99.999%":21503,"98%":9095,"95%":6251,"50%":1638}},"errors":{"write":0,"read":0,"status":0,"timeout":0,"connect":0},"duration":30001017,"requests":59960,"bytes":12231840}