{"latency":{"max":10384,"stdev":493.41789869032,"mean":1070.234085213,"min":83,"percentiles":{"99%":2271,"97%":2018,"90%":1706,"99.999%":10391,"98%":2123,"95%":1894,"50%":1006}},"errors":{"write":0,"read":0,"status":0,"timeout":0,"connect":0},"duration":30000734,"requests":59962,"bytes":12232248}