{"latency":{"max":6892,"stdev":487.47643116184,"mean":1117.791679198,"min":72,"percentiles":{"99%":2413,"97%":2125,"90%":1770,"99.999%":6895,"98%":2235,"95%":1987,"50%":1062}},"errors":{"write":0,"read":0,"status":0,"timeout":0,"connect":0},"duration":30001272,"requests":59962,"bytes":12232248}