{"latency":{"max":9816,"stdev":537.51798595637,"mean":1050.1231807952,"min":41,"percentiles":{"99%":2281,"97%":2020,"90%":1702,"99.999%":9823,"98%":2105,"95%":1905,"50%":1029}},"errors":{"write":0,"read":0,"status":0,"timeout":0,"connect":0},"duration":29998649,"requests":59996,"bytes":12239184}