{"latency":{"max":6372,"stdev":456.64275928005,"mean":1013.6582810273,"min":46,"percentiles":{"99%":2109,"97%":1940,"90%":1612,"99.999%":6375,"98%":2006,"95%":1830,"50%":1008}},"errors":{"write":0,"read":0,"status":0,"timeout":0,"connect":0},"duration":29999321,"requests":59997,"bytes":12239388}