{"latency":{"max":102144,"stdev":15329.593786895,"mean":15048.898521354,"min":325,"percentiles":{"99%":79103,"97%":45887,"90%":33471,"99.999%":102207,"98%":56223,"95%":39967,"50%":11159}},"errors":{"write":0,"read":0,"status":0,"timeout":0,"connect":0},"duration":29999588,"requests":59978,"bytes":12235512}