{"latency":{"max":31184,"stdev":3295.6506373706,"mean":3067.3578535803,"min":359,"percentiles":{"99%":15719,"97%":12495,"90%":7603,"99.999%":31199,"98%":13775,"95%":10719,"50%":1749}},"errors":{"write":0,"read":0,"status":0,"timeout":0,"connect":0},"duration":29999395,"requests":59961,"bytes":12232044}