{"latency":{"max":884736,"stdev":115580.61344173,"mean":49087.443826532,"min":333,"percentiles":{"99%":697343,"97%":408319,"90%":72191,"99.999%":885247,"98%":540671,"95%":144895,"50%":21903}},"errors":{"write":0,"read":0,"status":0,"timeout":0,"connect":0},"duration":29999758,"requests":58232,"bytes":11879328}