{"latency":{"max":136064,"stdev":17123.141558274,"mean":9895.6238345865,"min":377,"percentiles":{"99%":85759,"97%":61023,"90%":29567,"99.999%":136191,"98%":70143,"95%":49887,"50%":2867}},"errors":{"write":0,"read":0,"status":0,"timeout":0,"connect":0},"duration":30003715,"requests":59963,"bytes":12232452}